NO,NO. POLISI,JENIS KENDARAAN,,,,UL ND,UL PLN,KEGUNAAN,PROJECT
,,,,,,,,,
,,,KAPASITAS TANKI BBM,JENIS BBM,KONSUMSI BBM / L,,,,
1,DA 8673 JK,Toyota Hilux SC 2.0 MT,65 Liter,Bensin,8 - 10,UL BARABAI,ULP BARABAI KOTA OPS 12,OPS ,DISTRIBUSI
2,DA 8674 JK,Toyota Hilux SC 2.0 MT,65 Liter,Bensin,8 - 10,UL BARABAI,ULP BARABAI KOTA HAR JAR,HARJAR,DISTRIBUSI
3,DA 8675 JK,Toyota Hilux SC 2.0 MT,65 Liter,Bensin,8 - 10,UL BARABAI,ULP KANDANGAN HAR JAR DU,HARDU,DISTRIBUSI
4,DA 8670 JK,Toyota Hilux SC 2.0 MT,65 Liter,Bensin,8 - 10,UL BARABAI,ULP DAHA HAR JAR DU ROW,ROW,DISTRIBUSI
5,DA 8662 JK,Toyota Hilux SC 2.0 MT,65 Liter,Bensin,8 - 10,UL BARABAI,ULP TANJUNG OPS 12,OPS ,DISTRIBUSI
6,DA 8665 JK,Toyota Hilux SC 2.0 MT,65 Liter,Bensin,8 - 10,UL BARABAI,KP HARUAY OPS,OPS ,DISTRIBUSI
7,DA 8664 JK,Toyota Hilux SC 2.0 MT,65 Liter,Bensin,8 - 10,UL BARABAI,ULP TANJUNG HAR JAR DU,HAR DU,DISTRIBUSI
8,DA 8648 JK,Toyota Hilux SC 2.0 MT,65 Liter,Bensin,8 - 10,UL BARABAI,KP JUAI OPS,OPS ,DISTRIBUSI
9,DA 8646 JK,Toyota Hilux SC 2.0 MT,65 Liter,Bensin,8 - 10,UL BARABAI,ULP PARINGIN HAR JAR DU,HARDU,DISTRIBUSI
10,DA 8672 JK,Toyota Hilux SC 2.0 MT,65 Liter,Bensin,8 - 10,UL BARABAI,ULP AMUNTAI HAR JAR DU,HARDU,DISTRIBUSI
11,DA 8677 JK,Toyota Hilux SC 2.0 MT,65 Liter,Bensin,8 - 10,UL BARABAI,ULP RANTAU OPS 12,OPS ,DISTRIBUSI
12,DA 8676 JK,Toyota Hilux SC 2.0 MT,65 Liter,Bensin,8 - 10,UL BARABAI,ULP RANTAU HAR JAR DU,HARDU,DISTRIBUSI
13,DA 8653 JK,Toyota Hilux SC 2.0 MT,65 Liter,Bensin,8 - 10,UL BARABAI,KP PENGARON OPS,OPS ,DISTRIBUSI
14,DA 8651 JK,Toyota Hilux SC 2.0 MT,65 Liter,Bensin,8 - 10,UL BARABAI,KP SEI PINANG OPS,OPS ,DISTRIBUSI
15,DA 8659 JK,Toyota Hilux SC 2.0 MT,65 Liter,Bensin,8 - 10,UL BARABAI,ULP BINUANG HAR JAR DU,HARDU,DISTRIBUSI
16,DA 8312 JK,Suzuki New Carry Pickup FD AC PS,43 Liter,Bensin,11 - 13,UL BARABAI,ULP BARABAI KOTA HAR DU,HAR DU,DISTRIBUSI
17,DA 8295 JK,Suzuki New Carry Pickup FD AC PS,43 Liter,Bensin,11 - 13,UL BARABAI,ULP BARABAI KOTA ROW 1, ROW 1,DISTRIBUSI
18,DA 8489 JK,Suzuki New Carry Pickup FD AC PS,43 Liter,Bensin,11 - 13,UL BARABAI,ULP BARABAI KOTA ROW 2, ROW 2,DISTRIBUSI
19,DA 8298 JK,Suzuki New Carry Pickup FD AC PS,43 Liter,Bensin,11 - 13,UL BARABAI,ULP KANDANGAN OPS 12,OPS ,DISTRIBUSI
20,DA 8297 JK,Suzuki New Carry Pickup FD AC PS,43 Liter,Bensin,11 - 13,UL BARABAI,ULP KANDANGAN ROW 1, ROW 1,DISTRIBUSI
21,DA 8325 JK,Suzuki New Carry Pickup FD AC PS,43 Liter,Bensin,11 - 13,UL BARABAI,ULP KANDANGAN ROW 2, ROW 2,DISTRIBUSI
22,DA 8300 JK,Suzuki New Carry Pickup FD AC PS,43 Liter,Bensin,11 - 13,UL BARABAI,ULP DAHA OPS 11,OPS ,DISTRIBUSI
23,DA 8340 JK,Suzuki New Carry Pickup FD AC PS,43 Liter,Bensin,11 - 13,UL BARABAI,ULP TANJUNG ROW 1, ROW 1,DISTRIBUSI
24,KH 8166 AT,Suzuki New Carry Pickup FD AC PS,43 Liter,Bensin,11 - 13,UL BARABAI,ULP TANJUNG HAR JAR DU,HAR DU,DISTRIBUSI
25,DA 8486 JK,Suzuki New Carry Pickup FD AC PS,43 Liter,Bensin,11 - 13,UL BARABAI,ULP TANJUNG ROW 3, ROW 3,DISTRIBUSI
26,DA 8316 JK,Suzuki New Carry Pickup FD AC PS,43 Liter,Bensin,11 - 13,UL BARABAI,ULP PARINGIN OPS 12,OPS ,DISTRIBUSI
27,DA 8318 JK,Suzuki New Carry Pickup FD AC PS,43 Liter,Bensin,11 - 13,UL BARABAI,ULP PARINGIN ROW 1, ROW 1,DISTRIBUSI
28,DA 8322 JK,Suzuki New Carry Pickup FD AC PS,43 Liter,Bensin,11 - 13,UL BARABAI,ULP PARINGIN ROW 2, ROW 2,DISTRIBUSI
29,DA 8324 JK,Suzuki New Carry Pickup FD AC PS,43 Liter,Bensin,11 - 13,UL BARABAI,ULP AMUNTAI OPS 12,OPS ,DISTRIBUSI
30,DA 8327 JK,Suzuki New Carry Pickup FD AC PS,43 Liter,Bensin,11 - 13,UL BARABAI,KP KELUA OPS,OPS ,DISTRIBUSI
31,DA 8337 JK,Suzuki New Carry Pickup FD AC PS,43 Liter,Bensin,11 - 13,UL BARABAI,KP DANAU PANGGANG OPS,OPS ,DISTRIBUSI
32,DA 8329 JK,Suzuki New Carry Pickup FD AC PS,43 Liter,Bensin,11 - 13,UL BARABAI,ULP AMUNTAI ROW,AI ROW,DISTRIBUSI
33,DA 8319 JK,Suzuki New Carry Pickup FD AC PS,43 Liter,Bensin,11 - 13,UL BARABAI,KP MARGASARI OPS,OPS ,DISTRIBUSI
34,DA 8314 JK,Suzuki New Carry Pickup FD AC PS,43 Liter,Bensin,11 - 13,UL BARABAI,ULP RANTAU ROW 1, ROW 1,DISTRIBUSI
35,DA 8313 JK,Suzuki New Carry Pickup FD AC PS,43 Liter,Bensin,11 - 13,UL BARABAI,ULP RANTAU ROW 2, ROW 2,DISTRIBUSI
36,DA 8311 JK,Suzuki New Carry Pickup FD AC PS,43 Liter,Bensin,11 - 13,UL BARABAI,ULP BINUANG ROW 1, ROW 1,DISTRIBUSI
37,DA 8310 JK,Suzuki New Carry Pickup FD AC PS,43 Liter,Bensin,11 - 13,UL BARABAI,ULP BINUANG ROW 2, ROW 2,DISTRIBUSI
38,DA 8293 JK,Suzuki New Carry Pickup FD AC PS,43 Liter,Bensin,11 - 13,UL BARABAI,KP LUMPANGI OPS,OPS ,DISTRIBUSI
39,DA 8294 JK,Suzuki New Carry Pickup FD AC PS,43 Liter,Bensin,11 - 13,UL BARABAI,KP PARAMASAN OPS,OPS ,DISTRIBUSI
40,DA 8296 JK,Suzuki New Carry Pickup FD AC PS,43 Liter,Bensin,11 - 13,UL BARABAI,KP UPAU OPS,OPS ,DISTRIBUSI
41,DA 8309 JK,Suzuki New Carry Pickup FD AC PS,43 Liter,Bensin,11 - 13,UL BARABAI,KP MUARA UYA OPS,OPS ,DISTRIBUSI
42,DA 8332 JK,Suzuki New Carry Pickup FD AC PS,43 Liter,Bensin,11 - 13,UL BARABAI,ULP BINUANG OPS 12,OPS ,DISTRIBUSI
43,DA 1128 NA,Daihatsu Terios,45 Liter,Bensin,12 - 14,UL BARABAI,ULP BARABAI KOTA OPS 11,OPS ,DISTRIBUSI
44,DA 1743 NA,Daihatsu Terios,45 Liter,Bensin,12 - 14,UL BARABAI,ULP KANDANGAN OPS 11,OPS ,DISTRIBUSI
45,DA 1134 NA,Daihatsu Terios,45 Liter,Bensin,12 - 14,UL BARABAI,ULP TANJUNG OPS 11,OPS ,DISTRIBUSI
46,DA 1772 NA,Daihatsu Terios,45 Liter,Bensin,12 - 14,UL BARABAI,ULP PARINGIN OPS 11,OPS ,DISTRIBUSI
47,DA 1774 NA,Daihatsu Terios,45 Liter,Bensin,12 - 14,UL BARABAI,ULP AMUNTAI OPS 11,OPS ,DISTRIBUSI
48,DA 1776 NA,Daihatsu Terios,45 Liter,Bensin,12 - 14,UL BARABAI,ULP RANTAU OPS 11,OPS ,DISTRIBUSI
49,DA 1778 NA,Daihatsu Terios,45 Liter,Bensin,12 - 14,UL BARABAI,ULP BINUANG OPS 11,OPS ,DISTRIBUSI
50,DA 4156 CC,Honda Supra X 125,4 Liter,Bensin,57 - 61,UL BARABAI,ULP BARABAI KOTA OPS URC,OPS ,DISTRIBUSI
51,DA 4157 CC,Honda Supra X 125,4 Liter,Bensin,57 - 61,UL BARABAI,ULP BARABAI KOTA ASSESMENT,ASSESMENT,DISTRIBUSI
52,DA 4159 CC,Honda Supra X 125,4 Liter,Bensin,57 - 61,UL BARABAI,ULP KANDANGAN OPS URC,OPS ,DISTRIBUSI
53,DA 4167 CC,Honda Supra X 125,4 Liter,Bensin,57 - 61,UL BARABAI,ULP KANDANGAN ASSESMENT,ASSESMENT,DISTRIBUSI
54,DA 4150 CC,Honda Supra X 125,4 Liter,Bensin,57 - 61,UL BARABAI,ULP DAHA OPS,OPS ,DISTRIBUSI
55,DA 4170 CC,Honda Supra X 125,4 Liter,Bensin,57 - 61,UL BARABAI,ULP TANJUNG OPS URC,OPS ,DISTRIBUSI
56,DA 4171 CC,Honda Supra X 125,4 Liter,Bensin,57 - 61,UL BARABAI,ULP TANJUNG ASSEMENT,ASSESMENT,DISTRIBUSI
57,DA 4172 CC,Honda Supra X 125,4 Liter,Bensin,57 - 61,UL BARABAI,ULP PARINGIN OPS,OPS ,DISTRIBUSI
58,DA 4173 CC,Honda Supra X 125,4 Liter,Bensin,57 - 61,UL BARABAI,ULP PARINGIN ASSESMENT,ASSESMENT,DISTRIBUSI
59,DA 4188 CC,Honda Supra X 125,4 Liter,Bensin,57 - 61,UL BARABAI,ULP AMUNTAI OPS URC,OPS ,DISTRIBUSI
60,DA 4176 CC,Honda Supra X 125,4 Liter,Bensin,57 - 61,UL BARABAI,KP KELUA OPS,OPS ,DISTRIBUSI
61,DA 4177 CC,Honda Supra X 125,4 Liter,Bensin,57 - 61,UL BARABAI,KP DANAU PANGGANG OPS,OPS ,DISTRIBUSI
62,DA 4189 CC,Honda Supra X 125,4 Liter,Bensin,57 - 61,UL BARABAI,ULP AMUNTAI ASSESMENT,ASSESMENT,DISTRIBUSI
63,DA 4179 CC,Honda Supra X 125,4 Liter,Bensin,57 - 61,UL BARABAI,KP MARGASARI OPS,OPS ,DISTRIBUSI
64,DA 4180 CC,Honda Supra X 125,4 Liter,Bensin,57 - 61,UL BARABAI,ULP RANTAU ASSESMENT,ASSESMENT,DISTRIBUSI
65,DA 4192 CC,Honda Supra X 125,4 Liter,Bensin,57 - 61,UL BARABAI,ULP BINUANG OPS,OPS ,DISTRIBUSI
66,DA 4193 CC,Honda Supra X 125,4 Liter,Bensin,57 - 61,UL BARABAI,ULP BINUANG ASSESMENT,ASSESMENT,DISTRIBUSI
67,DA 4205 CC,Honda CRF 150,"7,2 Liter",Bensin,39 - 42,UL BARABAI,KP LUMPANGI OPS,OPS ,DISTRIBUSI
68,DA 4207 CC,Honda CRF 150,"7,2 Liter",Bensin,39 - 42,UL BARABAI,KP UPAU OPS,OPS ,DISTRIBUSI
69,DA 4209 CC,Honda CRF 150,"7,2 Liter",Bensin,39 - 42,UL BARABAI,KP MUARA UYA OPS,OPS ,DISTRIBUSI
70,DA 4208 CC,Honda CRF 150,"7,2 Liter",Bensin,39 - 42,UL BARABAI,KP HARUAY OPS,OPS ,DISTRIBUSI
71,DA 4198 CC,Honda CRF 150,"7,2 Liter",Bensin,39 - 42,UL BARABAI,KP JUAI OPS,OPS ,DISTRIBUSI
72,DA 4220 CC,Honda CRF 150,"7,2 Liter",Bensin,39 - 42,UL BARABAI,ULP RANTAU OPS URC,OPS ,DISTRIBUSI
73,DA 4215 CC,Honda CRF 150,"7,2 Liter",Bensin,39 - 42,UL BARABAI,KP PENGARON OPS,OPS ,DISTRIBUSI
74,DA 4217 CC,Honda CRF 150,"7,2 Liter",Bensin,39 - 42,UL BARABAI,KP SEI PINANG OPS,OPS ,DISTRIBUSI
75,KT 8349 ZL,Toyota Hilux 2.4G DC 4x4 (Double Cabin),80 Liter,Solar (Dexlite/Pertamina Dex),10 - 12,UL BARABAI,KP HARUAI,OP KP ,DISTRIBUSI
76,KT 8616 ZL,HILUX PICK UP 2.0 HIGH MT TGN1 OR-ATMHKD,55 Liter,Solar,8 - 10,UL BARABAI,,Operasional UL,DISTRIBUSI
77,KT 2331 KX,HONDA CRF 150,"7,2 Liter",Bensin,39 - 42,UL BARABAI,BARABAI KOTA,OP ULP,DISTRIBUSI
78,KT 2339 KX,HONDA SUPRA X 125 ,4 Liter,Bensin,57 - 61,UL BARABAI,TANJUNG,K3,DISTRIBUSI
79,KT 2347 KX,HONDA SUPRA X 125 ,4 Liter,Bensin,57 - 61,UL BARABAI,KANDANGAN,K3,DISTRIBUSI
80,KT 2357 KX,HONDA SUPRA X 125 ,4 Liter,Bensin,57 - 61,UL BARABAI,RANTAU,K3,DISTRIBUSI
63,W 8194 PW,CRANE,Bervariasi (100 - 300+ L),Solar,Bervariasi (Dihitung per jam kerja),UL BARABAI,UL BARABAI,none,DISTRIBUSI
64,W 8089 PW,SKYLIFT,Bervariasi (100+ L),Solar,Bervariasi (Dihitung per jam kerja),UL BARABAI,UL BARABAI,none,DISTRIBUSI