NO,NO. POLISI,JENIS KENDARAAN,,,,UL ND,UL PLN,KEGUNAAN
,,,,,,,,
,,,KAPASITAS TANKI BBM,JENIS BBM,KONSUMSI BBM / L,,,
1,DA 8402 JK,Mitsubishi Single Cabin HDX MT 4WD,75 Liter,Solar,9 - 11,UL PANGKALAN BUN,ULP P.BUN,KP PANGKALAN BANTENG
2,KH 8463 TD,Mitsubishi Single Cabin HDX MT 4WD,75 Liter,Solar,9 - 11,UL PANGKALAN BUN,ULP SAMPIT,KP TUMBANG SANGAI
3,KH 8464 TD,Mitsubishi Single Cabin HDX MT 4WD,75 Liter,Solar,9 - 11,UL PANGKALAN BUN,NANGA BULIK,HAR NANGA BULIK
4,KH 8340 TD ,Suzuki New Carry Pickup FD AC PS,43 Liter,Bensin,11 - 13,UL PANGKALAN BUN,SAMPIT,OPS SAMPIT 11.2) 
5,KH 8355 TD ,Suzuki New Carry Pickup FD AC PS,43 Liter,Bensin,11 - 13,UL PANGKALAN BUN,P.BUN,OPS P.BUN 11.1 (Kp Mantobi) 
6,KH 8357 TD ,Suzuki New Carry Pickup FD AC PS,43 Liter,Bensin,11 - 13,UL PANGKALAN BUN,P.BUN,DANAU SEMBULUH
7,KH 8325 TD ,Suzuki New Carry Pickup FD AC PS,43 Liter,Bensin,11 - 13,UL PANGKALAN BUN,P.BUN,SEI RANGIT
8,KH 8361 TD ,Suzuki New Carry Pickup FD AC PS,43 Liter,Bensin,11 - 13,UL PANGKALAN BUN,SAMPIT,SEBABI
9,KH 8352 TD ,Suzuki New Carry Pickup FD AC PS,43 Liter,Bensin,11 - 13,UL PANGKALAN BUN,SAMPIT,PEMBUANG HULU
10,KH 8201 TD ,Suzuki New Carry Pickup FD AC PS,43 Liter,Bensin,11 - 13,UL PANGKALAN BUN,P.BUN,KP TELUK BOGAM
11,KH 8317 TD,Suzuki New Carry Pickup FD AC PS,43 Liter,Bensin,11 - 13,UL PANGKALAN BUN,P.BUN,KP RANTAU PULUT
12,KH 8345 TD,Suzuki New Carry Pickup FD AC PS,43 Liter,Bensin,11 - 13,UL PANGKALAN BUN,P.BUN,KP. KUMAI
13,KH 8365 TD,Suzuki New Carry Pickup FD AC PS,43 Liter,Bensin,11 - 13,UL PANGKALAN BUN,P.BUN,SUKAMANDANG
14,KH 8353 TD,Suzuki New Carry Pickup FD AC PS,43 Liter,Bensin,11 - 13,UL PANGKALAN BUN,SAMPIT,KP CEMPAKA MULIA
15,KH 8366 TD,Suzuki New Carry Pickup FD AC PS,43 Liter,Bensin,11 - 13,UL PANGKALAN BUN,SAMPIT,KP KOTA BESI
16,KH 8318 TD,Suzuki New Carry Pickup FD AC PS,43 Liter,Bensin,11 - 13,UL PANGKALAN BUN,SAMPIT,KP SAMUDA
17,KH 8354 TD,Suzuki New Carry Pickup FD AC PS,43 Liter,Bensin,11 - 13,UL PANGKALAN BUN,SUKAMARA,SUKAMARA 11.1
18,KH 8360 TD,Suzuki New Carry Pickup FD AC PS,43 Liter,Bensin,11 - 13,UL PANGKALAN BUN,SUKAMARA,KP BALAI RIAM
19,KH 8202 TD,Suzuki New Carry Pickup FD AC PS,43 Liter,Bensin,11 - 13,UL PANGKALAN BUN,NANGABULIK,NANGABULIK 11.1
20,KH 8322 TD,Suzuki New Carry Pickup FD AC PS,43 Liter,Bensin,11 - 13,UL PANGKALAN BUN,SUKAMARA,SEI CABANG BARAT
21,KH 8321 TD,Suzuki New Carry Pickup FD AC PS,43 Liter,Bensin,11 - 13,UL PANGKALAN BUN,P.BUN,P.BUN 11.2
22,KH 8359 TD,Suzuki New Carry Pickup FD AC PS,43 Liter,Bensin,11 - 13,UL PANGKALAN BUN,KUALA PEMBUANG,K. PEMBUANG 11.1
23,KH 8190 TD,Suzuki New Carry Pickup FD AC PS,43 Liter,Bensin,11 - 13,UL PANGKALAN BUN,SAMPIT ,ROW
24,KH 1158 YB,Daihatsu Terios,45 Liter,Bensin,12 - 14,UL PANGKALAN BUN,SAMPIT,OPS SAMPIT 11.1
25,KH 1159 YB,Daihatsu Terios,45 Liter,Bensin,12 - 14,UL PANGKALAN BUN,P.BUN,OPS P.BUN 11.1
26,KH 2153 YW,Honda Supra X 125,4 Liter,Bensin,57 - 61,UL PANGKALAN BUN,SAMPIT,PRC
27,KH 2151 YW,Honda Supra X 125,4 Liter,Bensin,57 - 61,UL PANGKALAN BUN,SAMPIT,ASSESMENT 1
28,KH 2154 YW,Honda Supra X 125,4 Liter,Bensin,57 - 61,UL PANGKALAN BUN,SAMPIT,ASSESMENT 2
29,KH 2155 YW,Honda Supra X 125,4 Liter,Bensin,57 - 61,UL PANGKALAN BUN,P.BUN,PRC
30,KH 2129 YW,Honda Supra X 125,4 Liter,Bensin,57 - 61,UL PANGKALAN BUN,P.BUN,ASSESMENT 1
31,KH 2156 YW,Honda Supra X 125,4 Liter,Bensin,57 - 61,UL PANGKALAN BUN,P.BUN,ASSESMENT 2
32,KH 2152 YW,Honda Supra X 125,4 Liter,Bensin,57 - 61,UL PANGKALAN BUN,KUALA PEMBUANG,ASSESMENT
33,KH 2158 YW,Honda Supra X 125,4 Liter,Bensin,57 - 61,UL PANGKALAN BUN,SUKAMARA,ASSESMENT
34,KH 2159 YW,Honda Supra X 125,4 Liter,Bensin,57 - 61,UL PANGKALAN BUN,NANGA BULIK,ASSESMENT
35,DA 3752 CR,Honda Verza 150,"12,2 Liter",Bensin,43 - 46,UL PANGKALAN BUN,SAMPIT,KP BAPINANG HULU
36,DA 3755 CR,Honda Verza 150,"12,2 Liter",Bensin,43 - 46,UL PANGKALAN BUN,SAMPIT,ASSESMENT PARENGGEAN
37,DA 3739 CR,Honda Verza 150,"12,2 Liter",Bensin,43 - 46,UL PANGKALAN BUN,NANGA BULIK,KP RUNGUN
38,KH 4852 YW,Honda Vario 125,"5,5 Liter",Bensin,50 - 52,UL PANGKALAN BUN,SAMPIT,ICONNET
39,KH 4856 YW,Honda Vario 125,"5,5 Liter",Bensin,50 - 52,UL PANGKALAN BUN,PANGKALAN BUN,ICONNET
40,KT8509ZL,TOYOTA HILUX RANGGA 2.0 STD,55 Liter,Bensin,10 - 12,UL PANGKALAN BUN,UL PANGKALAN BUN,OPERASIONAL UL
41,KT8539ZL,TOYOTA HILUX RANGGA 2.0 STD,55 Liter,Bensin,10 - 12,UL PANGKALAN BUN,ULP NANGA BULIK,OPERASI
42,KT8540ZL,TOYOTA HILUX RANGGA 2.0 STD,55 Liter,Bensin,10 - 12,UL PANGKALAN BUN,ULP SUKAMARA,PEMELIHARAAN
43,KT8523ZL,TOYOTA HILUX RANGGA 2.0 STD,55 Liter,Bensin,10 - 12,UL PANGKALAN BUN,ULP PANGKALAN BUN,OPERASI
44,KT8621ZL,TOYOTA HILUX RANGGA 2.0 STD,55 Liter,Bensin,10 - 12,UL PANGKALAN BUN,UL PBUN,none
45,KT8617ZL,TOYOTA HILUX RANGGA 2.0 STD,55 Liter,Bensin,10 - 12,UL PANGKALAN BUN,ULP SAMPIT,OPERASI
46,KT8729ZL,TOYOTA HILUX RANGGA 2.0 STD,55 Liter,Bensin,10 - 12,UL PANGKALAN BUN,ULP PANGKALAN BUN,HAR 11.3
47,KT8543ZL,TOYOTA HILUX RANGGA 2.0 STD,55 Liter,Bensin,10 - 12,UL PANGKALAN BUN,ULP KUALA PEMBUANG,PEMELIHARAAN
48,KT8415ZL,TOYOTA HILUX RANGGA 2.0 STD,55 Liter,Bensin,10 - 12,UL PANGKALAN BUN,ULP NANGA BULIK,PEMELIHARAAN
49,KT8614ZL,TOYOTA HILUX RANGGA 2.0 STD,55 Liter,Bensin,10 - 12,UL PANGKALAN BUN,ULP SUKAMARA,OPERASI
50,KT8416ZL,TOYOTA HILUX RANGGA 2.0 HIGH,55 Liter,Bensin,10 - 12,UL PANGKALAN BUN,ULP SAMPIT,OPERASI
51,KT8412ZL,TOYOTA HILUX RANGGA 2.0 STD,55 Liter,Bensin,10 - 12,UL PANGKALAN BUN,UL PBUN,none
52,KT8618ZL,TOYOTA HILUX RANGGA 2.0 STD,55 Liter,Bensin,10 - 12,UL PANGKALAN BUN,UL PBUN,none
53,KT8413ZL,TOYOTA HILUX RANGGA 2.0 STD,55 Liter,Bensin,10 - 12,UL PANGKALAN BUN,ULP PANGKALAN BUN,PEMELIHARAAN
54,KT8538ZL,TOYOTA HILUX RANGGA 2.0 STD,55 Liter,Bensin,10 - 12,UL PANGKALAN BUN,UL PBUN,none
55,KT8619ZL,TOYOTA HILUX RANGGA 2.0 STD,55 Liter,Bensin,10 - 12,UL PANGKALAN BUN,UL PBUN,none
56,KT8508ZL,TOYOTA HILUX RANGGA 2.0 STD,55 Liter,Bensin,10 - 12,UL PANGKALAN BUN,UL PBUN,none
57,KT8613ZL,TOYOTA HILUX RANGGA 2.0 STD,55 Liter,Bensin,10 - 12,UL PANGKALAN BUN,UL PBUN,none
58,KT2348KX,HONDA SUPRA X 125,4 Liter,Bensin,57 - 61,UL PANGKALAN BUN,ULP SAMPIT,AHLI K3
59,KT2344KX,HONDA SUPRA X 125,4 Liter,Bensin,57 - 61,UL PANGKALAN BUN,ULP KUALA PEMBUANG,AHLI K3
60,KT2355KX,HONDA SUPRA X 125,4 Liter,Bensin,57 - 61,UL PANGKALAN BUN,ULP SUKAMARA,AHLI K3
61,KT2332KX,HONDA CRF 150,"7,2 Liter",Bensin,39 - 42,UL PANGKALAN BUN,ULP SAMPIT,OPERASI R2
62,KT2333KX,HONDA CRF 150,"7,2 Liter",Bensin,39 - 42,UL PANGKALAN BUN,ULP NANGA BULIK,OPERASI R2
63,KT 8301 ZJ,CRANE,Bervariasi (100 - 300+ L),Solar,Bervariasi (Dihitung per jam kerja),UL PANGKALAN BUN,UL PANGKALAN BUN,none
64,W 8087 PW,SKYLIFT,Bervariasi (100+ L),Solar,Bervariasi (Dihitung per jam kerja),UL PANGKALAN BUN,UL PANGKALAN BUN,none